,name,latex_name,raw_seq,html_seq,mono_seq,latex_seq
1,BAJ_01,BAJ\_01,UGUAUCCUUAACCAUUUCU,UGUAUCCUUAACCAUUUCU<strong><span style='color:#FF4500'></span></strong>,<tt>UGUAUCCUUAACCAUUUCU<strong><span style='color:#FF4500'></span></strong></tt>,\texttt{UGUAUCCUUAACCAUUUCU\textcolor{red}{{}}}
2,BAJ_02,BAJ\_02,UCACAGGAACCGGCAAAGU,<strong><span style='color:#FF4500;'>UCACAGGAACCGGCAAAGU</span></strong>,<tt><strong><span style='color:#FF4500'>UCACAGGAACCGGCAAAGU</span></strong></tt>,\texttt{\textcolor{red}{UCACAGGAACCGGCAAAGU}}
3,BAJ_03,BAJ\_03,UGUAUCCUAAACCAUUUCU,UGUAUCCU<strong><span style='color:#FF4500'>A</span></strong>AACCAUUUCU,<tt>UGUAUCCU<strong><span style='color:#FF4500'>A</span></strong>AACCAUUUCU</tt>,\texttt{UGUAUCCU\textcolor{red}{A}AACCAUUUCU}
4,BAJ_04,BAJ\_04,UGUAUCCUUUACCAUUUCU,UGUAUCCUU<strong><span style='color:#FF4500'>U</span></strong>ACCAUUUCU,<tt>UGUAUCCUU<strong><span style='color:#FF4500'>U</span></strong>ACCAUUUCU</tt>,\texttt{UGUAUCCUU\textcolor{red}{U}ACCAUUUCU}
5,BAJ_05,BAJ\_05,UGUAUCCUAUACCAUUUCU,UGUAUCCU<strong><span style='color:#FF4500'>AU</span></strong>ACCAUUUCU,<tt>UGUAUCCU<strong><span style='color:#FF4500'>AU</span></strong>ACCAUUUCU</tt>,\texttt{UGUAUCCU\textcolor{red}{AU}ACCAUUUCU}
6,BAJ_06,BAJ\_06,UGUAUCCUUAACCAAUUCU,UGUAUCCUUAACCA<strong><span style='color:#FF4500'>A</span></strong>UUCU,<tt>UGUAUCCUUAACCA<strong><span style='color:#FF4500'>A</span></strong>UUCU</tt>,\texttt{UGUAUCCUUAACCA\textcolor{red}{A}UUCU}
7,BAJ_07,BAJ\_07,UGUAUCCUUAACCUUUUCU,UGUAUCCUUAACC<strong><span style='color:#FF4500'>U</span></strong>UUUCU,<tt>UGUAUCCUUAACC<strong><span style='color:#FF4500'>U</span></strong>UUUCU</tt>,\texttt{UGUAUCCUUAACC\textcolor{red}{U}UUUCU}
8,BAJ_08,BAJ\_08,UGUAUCCUUAACCUAUUCU,UGUAUCCUUAACC<strong><span style='color:#FF4500'>UA</span></strong>UUCU,<tt>UGUAUCCUUAACC<strong><span style='color:#FF4500'>UA</span></strong>UUCU</tt>,\texttt{UGUAUCCUUAACC\textcolor{red}{UA}UUCU}
9,BAJ_09,BAJ\_09,CACAGGAACCGGCAAAGUGUAUCCUUAACCAUUUCU,<strong><span style='color:#FF4500'>CACAGGAACCGGCAAAG</span></strong>UGUAUCCUUAACCAUUUCU,<tt><strong><span style='color:#FF4500'>CACAGGAACCGGCAAAG</span></strong>UGUAUCCUUAACCAUUUCU</tt>,\texttt{\textcolor{red}{CACAGGAACCGGCAAAG}UGUAUCCUUAACCAUUUCU}
10,BAJ_10,BAJ\_10,UGUAUCCUUAACCAUUUCUCACAGGAACCGGCAAAG,UGUAUCCUUAACCAUUUCU<strong><span style='color:#FF4500'>CACAGGAACCGGCAAAG</span></strong>,<tt>UGUAUCCUUAACCAUUUCU<strong><span style='color:#FF4500'>CACAGGAACCGGCAAAG</span></strong></tt>,\texttt{UGUAUCCUUAACCAUUUCU\textcolor{red}{CACAGGAACCGGCAAAG}}
11,BAJ_11,BAJ\_11,CACAGGAAUGUAUCCUUAACCAUUUCUCCGGCAAAG,<strong><span style='color:#FF4500'>CACAGGAA</span></strong>UGUAUCCUUAACCAUUUCU<strong><span style='color:#FF4500'>CCGGCAAAG</span></strong>,<tt><strong><span style='color:#FF4500'>CACAGGAA</span></strong>UGUAUCCUUAACCAUUUCU</tt><tt><strong><span style='color:#FF4500'>CCGGCAAAG</span></strong></tt>,\texttt{\textcolor{red}{CACAGGAA}UGUAUCCUUAACCAUUUCU}\texttt{\textcolor{red}{CCGGCAAAG}}
12,BAJ_12,BAJ\_12,CCAUUUCU,<strong><span style='color:#FF4500'>-\-\-\-\-\-\-\-\-\-\-</span></strong>CCAUUUCU,<tt><strong><span style='color:#FF4500'>-\-\-\-\-\-\-\-\-\-\-</span></strong>CCAUUUCU</tt>,\texttt{\textcolor{red}{-{}-{}-{}-{}-{}-{}-{}-{}-{}-{}-}CCAUUUCU}
13,BAJ_13,BAJ\_13,UGUAUCCUUAA,UGUAUCCUUAA<strong><span style='color:#FF4500'>\-\-\-\-\-\-\-\-</span></strong>,<tt>UGUAUCCUUAA<strong><span style='color:#FF4500'>\-\-\-\-\-\-\-\-</span></strong></tt>,\texttt{UGUAUCCUUAA\textcolor{red}{-{}-{}-{}-{}-{}-{}-{}-}}
14,noRNA,noRNA,NA,<strong><span style='color:#FF4500'>\-\-\-\-\-\-\-\-\-\-\-\-\-\-\-\-\-\-\-</span></strong>,<tt><strong><span style='color:#FF4500'>\-\-\-\-\-\-\-\-\-\-\-\-\-\-\-\-\-\-\-</span></strong></tt>,\texttt{\textcolor{red}{-{}-{}-{}-{}-{}-{}-{}-{}-{}-{}-{}-{}-{}-{}-{}-{}-{}-{}-}}